Score,pct_change,p-value,delta_val,delta_size
0.6007,0.0,1.0,0.0,negligible
0.62354,3.8022307308140455,0.25016374184342016,-0.1336,negligible
