Expense,pct_change,p-value,delta_val,delta_size
20.806666666666665,0.0,1.0,0.0,negligible
20.79,-0.08010253123998264,0.8576352273380377,0.0212,negligible
