Processing_Time,pct_change,p-value,delta_val,delta_size
2.0806666666666667,0.0,1.0,0.0,negligible
2.079,-0.08010253123997836,0.8576352273380377,0.0212,negligible
