Processing_Time,pct_change,p-value,delta_val,delta_size
2.251,8.186478692726686,0.0002601075891909873,0.0,negligible
2.0806666666666667,0.0,1.0,-0.424,medium
2.1123333333333334,1.5219480935597596,0.49909084890402244,-0.0788,negligible
