Score,pct_change,p-value,delta_val,delta_size
18.99032994,0.0,1.0,0.0,negligible
18.99029768,-0.00016987593211644688,0.5014230731192904,0.0784,negligible
