Processing_Time,pct_change,p-value,delta_val,delta_size
0.5446666666666666,0.0,1.0,0.0,negligible
1.5836666666666668,190.75887392900862,3.6157121331257546e-18,-1.0,large
