Score,pct_change,p-value,delta_val,delta_size
18.99030908,-0.00010984537954449722,0.5509382400916172,0.0,negligible
18.99032994,0.0,1.0,0.0696,negligible
18.99031256,-9.152026349247626e-05,0.3378948804170333,0.1116,negligible
