Expense,pct_change,p-value,delta_val,delta_size
5.446666666666666,0.0,1.0,0.0,negligible
15.836666666666668,190.7588739290086,3.6157121331257546e-18,-1.0,large
