Processing_Time,pct_change,p-value,delta_val,delta_size
0.5486666666666666,0.734394124847002,0.14044827262952106,0.0,negligible
0.5466666666666667,0.36719706242352135,1.0,-0.1612,small
0.5446666666666666,0.0,1.0,0.0004,negligible
