Processing_Time,pct_change,p-value,delta_val,delta_size
20.12,1.5289902608871213,0.1668305732389691,0.0,negligible
20.394666666666666,2.9150056348925957,6.776163499975927e-10,-0.1608,small
19.817,0.0,1.0,-0.7164,large
