Score,pct_change,p-value,delta_val,delta_size
5.150375,0.0,1.0,0.0,negligible
5.209411,1.146246632526755,2.6280247350541672e-23,0.0,negligible
5.150375,0.0,1.0,-1.0,large
