Expense,pct_change,p-value,delta_val,delta_size
198.17,0.0,1.0,0.0,negligible
255.76666666666668,29.064271416797038,6.991543461686075e-18,-1.0,large
