Processing_Time,pct_change,p-value,delta_val,delta_size
19.817,0.0,1.0,0.0,negligible
25.576666666666664,29.064271416797016,6.991543461686075e-18,-1.0,large
