Score,pct_change,p-value,delta_val,delta_size
5.150375,0.0,1.0,0.0,negligible
5.141445999999999,-0.17336601703761523,2.6280247350541672e-23,1.0,large
