Expense,pct_change,p-value,delta_val,delta_size
97.96666666666665,0.0,1.0,0.0,negligible
101.1,3.1983667914256624,6.626672457755945e-09,-0.6732,large
