Processing_Time,pct_change,p-value,delta_val,delta_size
9.796666666666667,0.0,1.0,0.0,negligible
10.11,3.198366791425647,6.626672457755945e-09,-0.6732,large
