Score,pct_change,p-value,delta_val,delta_size
0.84932894,0.0,1.0,0.0,negligible
0.85022542,0.10555156639310763,0.16902165953348613,-0.16,small
