Score,pct_change,p-value,delta_val,delta_size
0.62303208,0.0,1.0,0.0,negligible
0.6225919,-0.07065125763668738,0.4971117207469564,0.0792,negligible
