Expense,pct_change,p-value,delta_val,delta_size
10.78,0.0,1.0,0.0,negligible
11.963333333333333,10.977118119975266,3.5247471673093984e-17,-0.974,large
