Processing_Time,pct_change,p-value,delta_val,delta_size
1.078,0.0,1.0,0.0,negligible
1.1963333333333332,10.977118119975247,3.5247471673093984e-17,-0.974,large
