Score,pct_change,p-value,delta_val,delta_size
0.80213848,0.0,1.0,0.0,negligible
0.802672,0.06651220622155729,0.0002443492109915307,-0.24,small
