Expense,pct_change,p-value,delta_val,delta_size
10.303333333333333,0.0,1.0,0.0,negligible
9.823333333333334,-4.6586865092203045,2.8259803604992765e-12,0.8008,large
