Processing_Time,pct_change,p-value,delta_val,delta_size
1.0303333333333333,0.0,1.0,0.0,negligible
0.9823333333333334,-4.658686509220311,2.8259803604992765e-12,0.8008,large
