Processing_Time,pct_change,p-value,delta_val,delta_size
0.929,0.0,1.0,0.0,negligible
0.9009999999999999,-3.0139935414424257,2.3311755932248422e-11,0.7676,large
