Score,pct_change,p-value,delta_val,delta_size
0.27992691999999997,0.0,1.0,0.0,negligible
0.27988535999999997,-0.014846732139944257,0.7906914292889811,0.0312,negligible
