Score,pct_change,p-value,delta_val,delta_size
0.8513,0.0,1.0,0.0,negligible
0.8511,-0.02349348055914225,0.9862198264816676,0.0024,negligible
