Processing_Time,pct_change,p-value,delta_val,delta_size
0.9229999999999999,0.0,1.0,0.0,negligible
0.905,-1.9501625135427851,0.0009598517264189851,0.3792,medium
