Processing_Time,pct_change,p-value,delta_val,delta_size
6.516666666666667,-0.16851350661288036,0.9203080663100099,0.0,negligible
6.632999999999999,1.6136444875657314,0.017274186652510234,0.012,negligible
6.527666666666667,0.0,1.0,-0.2764,small
