Processing_Time,pct_change,p-value,delta_val,delta_size
6.527666666666667,0.0,1.0,0.0,negligible
11.04,69.1262830005617,6.888142397577437e-18,-1.0,large
