Processing_Time,pct_change,p-value,delta_val,delta_size
0.6246666666666667,-18.804159445407283,3.249400201481938e-18,0.0,negligible
0.6393333333333333,-16.897746967071072,3.4537071801484552e-18,1.0,large
0.7693333333333334,0.0,1.0,1.0,large
