Expense,pct_change,p-value,delta_val,delta_size
7.693333333333333,0.0,1.0,0.0,negligible
7.253333333333334,-5.719237435008659,2.8549602473150774e-10,0.7228,large
