Score,pct_change,p-value,delta_val,delta_size
29.56824976,0.0,1.0,0.0,negligible
29.01683852,-1.8648761576207689,0.8985164449208333,0.0152,negligible
