Processing_Time,pct_change,p-value,delta_val,delta_size
0.7693333333333334,0.0,1.0,0.0,negligible
0.7253333333333333,-5.719237435008685,2.8549602473150774e-10,0.7228,large
