Processing_Time,pct_change,p-value,delta_val,delta_size
4.585,0.0,1.0,0.0,negligible
4.386666666666667,-4.325699745547072,3.6540044152609e-10,0.7272,large
