Processing_Time,pct_change,p-value,delta_val,delta_size
4.481333333333334,-2.26099600145401,1.6652548194751623e-06,0.0,negligible
4.607,0.47982551799346224,0.0013608946975530308,0.5556,large
4.585,0.0,1.0,0.3716,medium
