Expense,pct_change,p-value,delta_val,delta_size
45.85,0.0,1.0,0.0,negligible
43.86666666666667,-4.325699745547076,3.6540044152609e-10,0.7272,large
