Score,pct_change,p-value,delta_val,delta_size
-0.171256,0.0,1.0,0.0,negligible
-0.160136,6.493203157845559,2.6280247350541672e-23,-1.0,large
