Score,pct_change,p-value,delta_val,delta_size
0.046252,0.0,1.0,0.0,negligible
0.04566,-1.279944651042122,0.5014012399955761,-0.0784,negligible
