Expense,pct_change,p-value,delta_val,delta_size
110.45,0.0,1.0,0.0,negligible
197.71,79.00407424173834,1.6344985459943447e-15,-0.9248,large
