Expense,pct_change,p-value,delta_val,delta_size
163.20333333333335,0.0,1.0,0.0,negligible
265.44666666666666,62.647821735667144,6.949066580633542e-18,-1.0,large
