Processing_Time,pct_change,p-value,delta_val,delta_size
16.320333333333334,0.0,1.0,0.0,negligible
26.544666666666668,62.647821735667165,6.949066580633542e-18,-1.0,large
