Score,pct_change,p-value,delta_val,delta_size
0.8549500000000001,0.0,1.0,0.0,negligible
0.853868,-0.12655710860285846,0.8712883180908956,0.0192,negligible
