Score,pct_change,p-value,delta_val,delta_size
0.09784791999999999,0.0,1.0,0.0,negligible
0.09703552,-0.8302680322688423,0.46704342497495666,0.0848,negligible
