Expense,pct_change,p-value,delta_val,delta_size
12.686666666666667,0.0,1.0,0.0,negligible
12.533333333333333,-1.2086179716237588,0.03670938751998303,0.2412,small
