Processing_Time,pct_change,p-value,delta_val,delta_size
1.2686666666666668,0.0,1.0,0.0,negligible
1.2533333333333332,-1.2086179716237762,0.03670938751998303,0.2412,small
