Expense,pct_change,p-value,delta_val,delta_size
14.286666666666667,0.0,1.0,0.0,negligible
12.33,-13.695753616425574,1.8223618712169828e-16,0.9536,large
