Processing_Time,pct_change,p-value,delta_val,delta_size
1.4286666666666668,0.0,1.0,0.0,negligible
1.2329999999999999,-13.695753616425584,1.8223618712169828e-16,0.9536,large
