Processing_Time,pct_change,p-value,delta_val,delta_size
0.867,0.0,1.0,0.0,negligible
1.5113333333333332,74.31757016532102,4.467953690088164e-18,-1.0,large
2.4023333333333334,177.08573625528646,4.507343895386024e-18,-1.0,large
