Expense,pct_change,p-value,delta_val,delta_size
8.67,0.0,1.0,0.0,negligible
8.246666666666666,-4.882737408688971,7.400290836233676e-12,0.7816,large
