Processing_Time,pct_change,p-value,delta_val,delta_size
0.867,0.0,1.0,0.0,negligible
0.8246666666666667,-4.882737408688966,7.400290836233676e-12,0.7816,large
