Score,pct_change,p-value,delta_val,delta_size
0.8439330000000002,0.0,1.0,0.0,negligible
0.8439330000000002,0.0,1.0,0.0,negligible
0.8439330000000002,0.0,1.0,0.0,negligible
