Expense,pct_change,p-value,delta_val,delta_size
33.803333333333335,0.0,1.0,0.0,negligible
36.56666666666666,8.174736219307746,8.558415500618966e-18,-0.996,large
