Score,pct_change,p-value,delta_val,delta_size
0.985582,0.0,1.0,0.0,negligible
0.9860040000000001,0.042817340414105017,0.593028664647553,-0.0624,negligible
