Processing_Time,pct_change,p-value,delta_val,delta_size
3.3803333333333336,0.0,1.0,0.0,negligible
3.6566666666666667,8.174736219307754,8.558415500618966e-18,-0.996,large
