Score,pct_change,p-value,delta_val,delta_size
0.1099712,0.0,1.0,0.0,negligible
0.10974536,-0.2053628586393573,0.22632637102151587,0.1408,negligible
