Expense,pct_change,p-value,delta_val,delta_size
22.833333333333336,0.0,1.0,0.0,negligible
14.16,-37.98540145985402,5.332284979158603e-18,1.0,large
