Processing_Time,pct_change,p-value,delta_val,delta_size
2.283333333333333,0.0,1.0,0.0,negligible
1.416,-37.98540145985401,5.332284979158603e-18,1.0,large
