Processing_Time,pct_change,p-value,delta_val,delta_size
4.733333333333333,0.0,1.0,0.0,negligible
2.7023333333333337,-42.908450704225345,6.3968504590362594e-18,1.0,large
