Score,pct_change,p-value,delta_val,delta_size
0.41422919999999996,0.0,1.0,0.0,negligible
0.41450560000000003,0.06672634377298015,0.8119993835788952,-0.028,negligible
