Expense,pct_change,p-value,delta_val,delta_size
8.743333333333334,0.0,1.0,0.0,negligible
17.826666666666668,103.8886770873046,3.598015888876004e-18,-1.0,large
