Score,pct_change,p-value,delta_val,delta_size
8.54942632,0.0,1.0,0.0,negligible
8.56704376,0.20606575623427825,0.8442392855727232,0.0232,negligible
