Processing_Time,pct_change,p-value,delta_val,delta_size
0.867,-0.8387342737323767,0.02374524671093288,0.0,negligible
0.8666666666666667,-0.8768585589020255,0.0015702191897850768,0.2484,small
0.8743333333333334,0.0,1.0,0.3452,medium
