Processing_Time,pct_change,p-value,delta_val,delta_size
0.8743333333333334,0.0,1.0,0.0,negligible
1.7826666666666666,103.88867708730459,3.598015888876004e-18,-1.0,large
