Score,pct_change,p-value,delta_val,delta_size
2.9634900000000006,0.0,1.0,0.0,negligible
2.8935200000000005,-2.361067525113973,2.6280247350541672e-23,1.0,large
