Processing_Time,pct_change,p-value,delta_val,delta_size
1.5919999999999999,-0.39624608967675856,0.094258962781006,0.0,negligible
1.5903333333333334,-0.5005213764337857,0.0437709722578024,0.1892,small
1.5983333333333334,0.0,1.0,0.2288,small
