Processing_Time,pct_change,p-value,delta_val,delta_size
1.5983333333333334,0.0,1.0,0.0,negligible
2.365666666666667,48.00834202294057,4.948481028362991e-17,-0.97,large
