Expense,pct_change,p-value,delta_val,delta_size
15.983333333333333,0.0,1.0,0.0,negligible
23.656666666666666,48.00834202294057,4.948481028362991e-17,-0.97,large
