Score,pct_change,p-value,delta_val,delta_size
2.9634900000000006,0.0,1.0,0.0,negligible
2.9634900000000006,0.0,1.0,0.0,negligible
2.9634900000000006,0.0,1.0,0.0,negligible
