Processing_Time,pct_change,p-value,delta_val,delta_size
1.335,0.0,1.0,0.0,negligible
1.2043333333333335,-9.787765293383258,1.055938948843782e-16,0.9596,large
