Expense,pct_change,p-value,delta_val,delta_size
13.35,0.0,1.0,0.0,negligible
12.043333333333333,-9.787765293383272,1.055938948843782e-16,0.9596,large
