Processing_Time,pct_change,p-value,delta_val,delta_size
0.7446666666666667,0.9033423667570067,1.0,0.0,negligible
0.737,-0.13550135501355026,0.40899619765193485,-0.0004,negligible
0.738,0.0,1.0,0.0916,negligible
