Processing_Time,pct_change,p-value,delta_val,delta_size
0.738,0.0,1.0,0.0,negligible
1.6369999999999998,121.81571815718155,4.666068734636306e-18,-1.0,large
