Score,pct_change,p-value,delta_val,delta_size
0.37381996,0.0,1.0,0.0,negligible
0.37738,0.952340800635682,0.7986626832567951,-0.03,negligible
