Expense,pct_change,p-value,delta_val,delta_size
56.12333333333333,0.0,1.0,0.0,negligible
59.76333333333333,6.485715982657244,4.486542129276287e-16,-0.9428,large
