Processing_Time,pct_change,p-value,delta_val,delta_size
5.549333333333333,-1.1225277662291488,0.688580793454235,0.0,negligible
5.667999999999999,0.9918631585199041,1.3731013432828723e-05,0.0468,negligible
5.612333333333334,0.0,1.0,-0.5044,large
