Processing_Time,pct_change,p-value,delta_val,delta_size
5.612333333333334,0.0,1.0,0.0,negligible
5.976333333333333,6.485715982657224,4.486542129276287e-16,-0.9428,large
