Processing_Time,pct_change,p-value,delta_val,delta_size
7.812333333333333,0.0,1.0,0.0,negligible
9.44,20.83457780432649,5.665214485738232e-18,-1.0,large
