Expense,pct_change,p-value,delta_val,delta_size
78.12333333333333,0.0,1.0,0.0,negligible
94.4,20.8345778043265,5.665214485738232e-18,-1.0,large
