Processing_Time,pct_change,p-value,delta_val,delta_size
7.848,0.4565430729188898,1.4214604701541623e-08,0.0,negligible
8.025,2.7221914067500177,4.2541167797246266e-18,-0.6484,large
7.812333333333333,0.0,1.0,-1.0,large
