Score,pct_change,p-value,delta_val,delta_size
0.99475892,0.0,1.0,0.0,negligible
0.9949182999999999,0.016021972439305317,0.37198980773060664,-0.104,negligible
