Expense,pct_change,p-value,delta_val,delta_size
23.986666666666665,0.0,1.0,0.0,negligible
26.87,12.02056698165649,0.10007770370443735,-0.1912,small
