Processing_Time,pct_change,p-value,delta_val,delta_size
2.606666666666667,8.671484157865489,0.14475878088697058,0.0,negligible
2.3986666666666667,0.0,1.0,-0.1696,small
2.3266666666666667,-3.0016675931072845,0.909422113782888,0.0136,negligible
