Processing_Time,pct_change,p-value,delta_val,delta_size
2.3986666666666667,0.0,1.0,0.0,negligible
2.687,12.020566981656467,0.10007770370443735,-0.1912,small
