Processing_Time,pct_change,p-value,delta_val,delta_size
1.818,0.0,1.0,0.0,negligible
0.8759999999999999,-51.81518151815182,5.066571164061283e-18,1.0,large
