Score,pct_change,p-value,delta_val,delta_size
0.9415716399999999,0.0,1.0,0.0,negligible
0.9415566,-0.0015973293333225492,0.9587648295967376,0.0064,negligible
