Expense,pct_change,p-value,delta_val,delta_size
7.226666666666667,0.0,1.0,0.0,negligible
6.76,-6.457564575645758,2.701024692273494e-11,0.7644,large
