Score,pct_change,p-value,delta_val,delta_size
0.960526,0.0,1.0,0.0,negligible
0.96140322,0.09132704372396082,0.5778980454620846,-0.062,negligible
