Processing_Time,pct_change,p-value,delta_val,delta_size
0.7226666666666667,0.0,1.0,0.0,negligible
0.6759999999999999,-6.457564575645767,2.701024692273494e-11,0.7644,large
