Score,pct_change,p-value,delta_val,delta_size
0.979244,0.0,1.0,0.0,negligible
0.976896,-0.2397768074147012,0.2653751315823578,0.1296,negligible
