Processing_Time,pct_change,p-value,delta_val,delta_size
3.9236666666666666,0.0,1.0,0.0,negligible
4.635,18.129300824059126,6.8509024228550386e-18,-1.0,large
