Expense,pct_change,p-value,delta_val,delta_size
39.236666666666665,0.0,1.0,0.0,negligible
46.35,18.12930082405914,6.8509024228550386e-18,-1.0,large
