Processing_Time,pct_change,p-value,delta_val,delta_size
2.5343333333333335,-1.947381996388969,0.0032579999406801906,0.0,negligible
2.5656666666666665,-0.7351044622130734,0.2739056387680453,0.3404,medium
2.584666666666667,0.0,1.0,0.1268,negligible
