Expense,pct_change,p-value,delta_val,delta_size
25.846666666666664,0.0,1.0,0.0,negligible
23.003333333333334,-11.00077379417074,0.006764894573131148,0.314,small
