Score,pct_change,p-value,delta_val,delta_size
0.14180098000000002,0.0,1.0,0.0,negligible
0.14529148,2.461548573218591,0.054001735092496665,-0.224,small
