Processing_Time,pct_change,p-value,delta_val,delta_size
2.584666666666667,0.0,1.0,0.0,negligible
2.300333333333333,-11.000773794170774,0.006764894573131148,0.314,small
